-- Adminer 4.1.0 MySQL dump

SET NAMES utf8;
SET time_zone = '+00:00';
SET foreign_key_checks = 0;
SET sql_mode = 'NO_AUTO_VALUE_ON_ZERO';

DROP DATABASE IF EXISTS `stealth`;
CREATE DATABASE `stealth` /*!40100 DEFAULT CHARACTER SET latin1 */;
USE `stealth`;

DROP TABLE IF EXISTS `account`;
CREATE TABLE `account` (
  `user` varchar(30) NOT NULL,
  `amount` decimal(10,2) NOT NULL,
  KEY `user` (`user`),
  CONSTRAINT `account_ibfk_1` FOREIGN KEY (`user`) REFERENCES `users` (`contact`) ON DELETE CASCADE ON UPDATE CASCADE
) ENGINE=InnoDB DEFAULT CHARSET=latin1;

TRUNCATE `account`;
INSERT INTO `account` (`user`, `amount`) VALUES
('9655985000',	4198.21),
('8098896389',	0.00),
('9655985003',	0.00),
('9655985004',	0.00),
('9876545676',	0.00);

DROP TABLE IF EXISTS `bills`;
CREATE TABLE `bills` (
  `sno` int(11) NOT NULL AUTO_INCREMENT,
  `time` varchar(11) NOT NULL,
  `user` varchar(30) NOT NULL,
  `amount` decimal(5,2) NOT NULL,
  `billedUnits` decimal(10,3) NOT NULL,
  `pricingCode` varchar(10) NOT NULL,
  PRIMARY KEY (`sno`),
  KEY `user` (`user`),
  CONSTRAINT `bills_ibfk_1` FOREIGN KEY (`user`) REFERENCES `users` (`contact`) ON DELETE NO ACTION ON UPDATE CASCADE
) ENGINE=InnoDB DEFAULT CHARSET=latin1;

TRUNCATE `bills`;
INSERT INTO `bills` (`sno`, `time`, `user`, `amount`, `billedUnits`, `pricingCode`) VALUES
(1,	'0000-00-00 ',	'9655985000',	2.19,	0.439,	''),
(2,	'0000-00-00 ',	'9655985000',	2.19,	0.044,	''),
(3,	'2015-01-19 ',	'9655985000',	2.19,	0.044,	''),
(4,	'2015-01-19 ',	'9655985000',	29.79,	0.596,	''),
(5,	'2015-01-19 ',	'9655985000',	30.21,	0.604,	''),
(6,	'2015-01-19 ',	'9655985000',	0.03,	0.001,	''),
(7,	'2015-01-19 ',	'9655985000',	0.08,	0.002,	''),
(8,	'2015-01-19 ',	'9655985000',	0.07,	0.001,	''),
(9,	'2015-01-19',	'9655985000',	2.44,	1.200,	''),
(10,	'2015-01-19',	'9655985000',	21.56,	0.431,	''),
(11,	'2015-01-19',	'9655985000',	0.22,	0.004,	''),
(12,	'2015-01-19',	'9655985000',	2.08,	0.042,	''),
(13,	'2015-01-19',	'9655985000',	1.49,	0.030,	''),
(14,	'2015-01-19',	'9655985000',	1.89,	0.038,	''),
(15,	'2015-01-19',	'9655985000',	0.18,	0.004,	''),
(16,	'2015-01-19',	'9655985000',	2.60,	0.052,	''),
(17,	'2015-01-21',	'9655985000',	999.99,	21.568,	''),
(18,	'2015-01-21',	'9655985000',	2.28,	0.046,	''),
(19,	'2015-01-21',	'9655985000',	9.56,	0.191,	''),
(20,	'2015-01-21',	'9655985000',	0.65,	0.013,	''),
(21,	'2015-01-26',	'9655985000',	0.69,	0.014,	''),
(22,	'2015-01-27',	'9655985000',	981.38,	19.628,	''),
(23,	'2015-01-27',	'9655985000',	0.97,	0.019,	''),
(24,	'2015-01-28',	'7639050900',	0.00,	0.000,	''),
(25,	'2015-01-28',	'9655985000',	0.78,	0.016,	''),
(26,	'2015-01-28',	'9655985000',	28.89,	0.578,	''),
(27,	'2015-01-28',	'9655985000',	1.83,	0.037,	''),
(28,	'2015-01-29',	'9655985000',	79.26,	1.585,	''),
(29,	'2015-01-29',	'9655985000',	143.88,	2.878,	''),
(30,	'2015-01-29',	'9655985000',	335.65,	6.713,	''),
(31,	'2015-02-11',	'9655985000',	218.83,	4.377,	''),
(32,	'2015-02-11',	'9655985000',	0.94,	0.019,	''),
(33,	'2015-02-11',	'9655985000',	0.13,	0.003,	''),
(34,	'2015-02-20',	'9655985000',	34.00,	0.440,	'50H1'),
(35,	'2015-02-20',	'9655985000',	74.75,	1.495,	'50H1'),
(36,	'2015-02-20',	'9655985000',	0.04,	0.001,	'50H1'),
(37,	'2015-02-20',	'9655985000',	4.83,	0.097,	'50H1'),
(38,	'2015-03-03',	'9655985000',	0.53,	0.011,	'50H1'),
(39,	'2015-03-03',	'9655985000',	0.97,	0.019,	'50H1'),
(40,	'2015-03-03',	'9655985000',	14.50,	0.290,	'50H1'),
(41,	'2015-03-05',	'9655985000',	2.24,	0.045,	'50H1'),
(42,	'2015-03-05',	'9655985000',	4.69,	0.094,	'50H1'),
(43,	'2015-03-05',	'9655985000',	0.25,	0.005,	'50H1'),
(44,	'2015-03-05',	'9655985000',	11.54,	0.231,	'50H1'),
(45,	'2015-03-05',	'9655985000',	0.21,	0.004,	'50H1'),
(46,	'2015-03-05',	'9655985000',	0.31,	0.006,	'50H1'),
(47,	'2015-03-05',	'9655985000',	48.96,	0.979,	'50H1'),
(48,	'2015-03-05',	'9655985000',	1.65,	0.033,	'50H1'),
(49,	'2015-03-05',	'9655985000',	0.58,	0.012,	'50H1'),
(50,	'2015-03-05',	'9655985000',	0.44,	0.009,	'50H1'),
(51,	'2015-03-05',	'9655985000',	15.96,	0.319,	'50H1'),
(52,	'2015-03-05',	'9655985000',	3.13,	0.063,	'50H1'),
(53,	'2015-03-05',	'9655985000',	4.67,	0.093,	'50H1'),
(54,	'2015-03-05',	'9655985000',	0.21,	0.004,	'50H1'),
(55,	'2015-03-05',	'9655985000',	0.32,	0.006,	'50H1'),
(56,	'2015-03-05',	'7639050900',	0.33,	0.007,	'50H1'),
(57,	'2015-03-05',	'7639050900',	2.03,	0.041,	'50H1'),
(58,	'2015-03-05',	'7639050900',	0.71,	0.014,	'50H1'),
(59,	'2015-03-05',	'7639050900',	0.89,	0.018,	'50H1'),
(60,	'2015-03-06',	'9655985000',	577.32,	11.546,	'50H1'),
(61,	'2015-03-06',	'9655985000',	105.22,	2.104,	'50H1'),
(62,	'2015-03-06',	'9655985000',	105.44,	2.109,	'50H1'),
(63,	'2015-03-06',	'7639050900',	1.28,	0.026,	'50H1'),
(64,	'2015-03-06',	'9655985000',	105.74,	2.115,	'50H1'),
(65,	'2015-03-06',	'9655985000',	211.89,	4.238,	'50H1'),
(66,	'2015-03-06',	'9655985000',	211.92,	4.238,	'50H1'),
(67,	'2015-03-06',	'9655985000',	211.93,	4.239,	'50H1'),
(68,	'2015-03-06',	'9655985000',	211.94,	4.239,	'50H1'),
(69,	'2015-03-06',	'9655985000',	211.96,	4.239,	'50H1'),
(70,	'2015-03-06',	'9655985000',	217.15,	4.343,	'50H1'),
(71,	'2015-03-06',	'7639050900',	1.25,	0.025,	'50H1'),
(72,	'2015-03-06',	'9655985000',	15.72,	0.314,	'50H1'),
(73,	'2015-03-07',	'7639050900',	999.99,	20.103,	'50H1'),
(74,	'2015-03-07',	'9655985000',	237.74,	4.755,	'50H1'),
(75,	'2015-03-07',	'7639050900',	0.28,	0.006,	'50H1');

DROP TABLE IF EXISTS `cash`;
CREATE TABLE `cash` (
  `date` varchar(11) NOT NULL,
  `amount` float(5,2) NOT NULL,
  `user` varchar(11) NOT NULL,
  `comment` tinytext NOT NULL,
  KEY `user` (`user`),
  CONSTRAINT `cash_ibfk_1` FOREIGN KEY (`user`) REFERENCES `users` (`contact`) ON DELETE NO ACTION ON UPDATE NO ACTION
) ENGINE=InnoDB DEFAULT CHARSET=latin1;

TRUNCATE `cash`;
INSERT INTO `cash` (`date`, `amount`, `user`, `comment`) VALUES
('2015-03-07',	100.00,	'9655985000',	'Recharge'),
('2015-03-07',	500.00,	'7639050900',	'recharge'),
('2015-03-07',	-500.00,	'9655985000',	'recharge');

DROP TABLE IF EXISTS `log`;
CREATE TABLE `log` (
  `sno` int(11) NOT NULL AUTO_INCREMENT,
  `time` timestamp NOT NULL DEFAULT CURRENT_TIMESTAMP,
  `user` varchar(30) NOT NULL,
  `action` varchar(50) NOT NULL,
  `system` int(11) DEFAULT NULL,
  PRIMARY KEY (`sno`),
  KEY `user` (`user`),
  CONSTRAINT `log_ibfk_3` FOREIGN KEY (`user`) REFERENCES `users` (`contact`) ON DELETE NO ACTION ON UPDATE NO ACTION
) ENGINE=InnoDB DEFAULT CHARSET=latin1;

TRUNCATE `log`;
INSERT INTO `log` (`sno`, `time`, `user`, `action`, `system`) VALUES
(1,	'2015-01-18 19:10:01',	'9655985000',	'LoggedIn',	3),
(2,	'2015-01-18 20:18:54',	'9655985000',	'LoggedOut',	3),
(3,	'2015-01-18 20:51:43',	'9655985000',	'LoggedIn',	3),
(4,	'2015-01-18 20:51:45',	'9655985000',	'LoggedOut',	3),
(5,	'2015-01-18 20:56:06',	'9655985000',	'LoggedOut',	3),
(6,	'2015-01-18 20:59:17',	'9655985000',	'LoggedOut',	3),
(7,	'2015-01-18 20:59:39',	'9655985000',	'LoggedOut',	3),
(8,	'2015-01-18 21:45:18',	'9655985000',	'LoggedIn',	3),
(9,	'2015-01-18 21:45:20',	'9655985000',	'LoggedOut',	3),
(10,	'2015-01-18 21:46:29',	'9655985000',	'LoggedOut',	3),
(11,	'2015-01-18 21:47:06',	'9655985000',	'LoggedOut',	3),
(12,	'2015-01-18 21:47:56',	'9655985000',	'LoggedOut',	3),
(13,	'2015-01-18 22:27:10',	'9655985000',	'LoggedIn',	3),
(14,	'2015-01-18 22:27:43',	'9655985000',	'LoggedOut',	3),
(15,	'2015-01-18 22:29:21',	'9655985000',	'LoggedOut',	3),
(16,	'2015-01-18 23:01:50',	'9655985000',	'billed 2.4',	NULL),
(17,	'2015-01-18 23:02:55',	'9655985000',	'LoggedOut',	3),
(18,	'2015-01-18 23:02:55',	'9655985000',	'billed 29.791666666667',	3),
(19,	'2015-01-18 23:03:25',	'9655985000',	'LoggedOut',	3),
(20,	'2015-01-18 23:03:25',	'9655985000',	'billed 30.208333333333',	3),
(21,	'2015-01-18 23:36:41',	'9655985000',	'LoggedIn',	3),
(22,	'2015-01-18 23:36:43',	'9655985000',	'LoggedOut',	3),
(23,	'2015-01-18 18:30:00',	'9655985000',	'billed 0.027777777777778',	3),
(24,	'2015-01-18 23:39:16',	'9655985000',	'LoggedIn',	3),
(25,	'2015-01-18 23:39:22',	'9655985000',	'LoggedOut',	3),
(26,	'2015-01-18 18:30:00',	'9655985000',	'billed 0.083333333333333',	3),
(27,	'2015-01-18 23:40:20',	'9655985000',	'LoggedIn',	3),
(28,	'2015-01-18 23:40:25',	'9655985000',	'LoggedOut',	3),
(29,	'2015-01-18 18:30:00',	'9655985000',	'billed 0.069444444444444',	3),
(30,	'2015-01-19 00:18:20',	'9655985000',	'LoggedIn',	3),
(31,	'2015-01-19 00:44:12',	'9655985000',	'LoggedOut',	3),
(32,	'2015-01-18 18:30:00',	'9655985000',	'billed 21.555555555556',	3),
(33,	'2015-01-19 00:44:49',	'9655985000',	'LoggedIn',	3),
(34,	'2015-01-19 00:45:05',	'9655985000',	'LoggedOut',	3),
(35,	'2015-01-18 18:30:00',	'9655985000',	'billed 0.22222222222222',	3),
(36,	'2015-01-19 00:48:12',	'9655985000',	'LoggedIn',	3),
(37,	'2015-01-19 00:50:42',	'9655985000',	'LoggedOut',	3),
(38,	'2015-01-18 18:30:00',	'9655985000',	'billed 2.0833333333333',	3),
(39,	'2015-01-19 00:50:49',	'9655985000',	'LoggedIn',	3),
(40,	'2015-01-19 00:52:36',	'9655985000',	'LoggedOut',	3),
(41,	'2015-01-18 18:30:00',	'9655985000',	'billed 1.4861111111111',	3),
(42,	'2015-01-19 00:52:44',	'9655985000',	'LoggedIn',	3),
(43,	'2015-01-19 00:55:00',	'9655985000',	'LoggedOut',	3),
(44,	'2015-01-18 18:30:00',	'9655985000',	'billed 1.8888888888889',	3),
(45,	'2015-01-19 00:55:07',	'9655985000',	'LoggedIn',	3),
(46,	'2015-01-19 00:55:20',	'9655985000',	'LoggedOut',	3),
(47,	'2015-01-18 18:30:00',	'9655985000',	'billed 0.18055555555556',	3),
(48,	'2015-01-19 00:55:28',	'9655985000',	'LoggedIn',	3),
(49,	'2015-01-19 00:58:35',	'9655985000',	'LoggedOut',	3),
(50,	'2015-01-18 18:30:00',	'9655985000',	'billed 2.5972222222222',	3),
(51,	'2015-01-20 18:13:36',	'9655985000',	'LoggedIn',	3),
(52,	'2015-01-21 15:47:40',	'9655985000',	'LoggedOut',	3),
(53,	'2015-01-20 18:30:00',	'9655985000',	'billed 1078.3888888889',	3),
(54,	'2015-01-21 15:48:41',	'9655985000',	'LoggedIn',	3),
(55,	'2015-01-21 15:51:25',	'9655985000',	'LoggedOut',	3),
(56,	'2015-01-20 18:30:00',	'9655985000',	'billed 2.2777777777778',	3),
(57,	'2015-01-21 16:03:50',	'9655985000',	'LoggedIn',	3),
(58,	'2015-01-21 16:15:18',	'9655985000',	'LoggedOut',	3),
(59,	'2015-01-20 18:30:00',	'9655985000',	'billed 9.5555555555556',	3),
(60,	'2015-01-21 16:15:40',	'9655985000',	'LoggedIn',	3),
(61,	'2015-01-21 16:16:27',	'9655985000',	'LoggedOut',	3),
(62,	'2015-01-20 18:30:00',	'9655985000',	'billed 0.65277777777778',	3),
(63,	'2015-01-22 09:16:25',	'9655985000',	'LoggedIn',	3),
(64,	'2015-01-26 14:25:59',	'9655985000',	'LoggedIn',	3),
(65,	'2015-01-26 14:26:49',	'9655985000',	'LoggedOut',	3),
(66,	'2015-01-25 18:30:00',	'9655985000',	'billed 0.69444444444444',	3),
(67,	'2015-01-26 14:27:04',	'9655985000',	'LoggedIn',	3),
(68,	'2015-01-27 10:04:43',	'9655985000',	'LoggedOut',	3),
(69,	'2015-01-26 18:30:00',	'9655985000',	'billed 981.375',	3),
(70,	'2015-01-27 10:04:54',	'9655985000',	'LoggedIn',	3),
(71,	'2015-01-27 10:06:04',	'9655985000',	'LoggedOut',	3),
(72,	'2015-01-26 18:30:00',	'9655985000',	'billed 0.97222222222222',	3),
(73,	'2015-01-27 10:06:14',	'7639050900',	'LoggedIn',	3),
(74,	'2015-01-27 22:23:46',	'7639050900',	'LoggedOut',	3),
(75,	'2015-01-27 18:30:00',	'7639050900',	'billed 0',	3),
(76,	'2015-01-27 22:23:55',	'9655985000',	'LoggedIn',	3),
(77,	'2015-01-27 22:24:51',	'9655985000',	'LoggedOut',	3),
(78,	'2015-01-27 18:30:00',	'9655985000',	'billed 0.77777777777778',	3),
(79,	'2015-01-27 22:24:59',	'9655985000',	'LoggedIn',	3),
(80,	'2015-01-27 22:59:39',	'9655985000',	'LoggedOut',	3),
(81,	'2015-01-27 18:30:00',	'9655985000',	'billed 28.888888888889',	3),
(82,	'2015-01-27 22:59:48',	'9655985000',	'LoggedIn',	3),
(83,	'2015-01-28 16:50:28',	'9655985000',	'LoggedIn',	3),
(84,	'2015-01-28 16:52:40',	'9655985000',	'LoggedOut',	3),
(85,	'2015-01-27 18:30:00',	'9655985000',	'billed 1.8333333333333',	3),
(86,	'2015-01-28 16:52:53',	'9655985000',	'LoggedIn',	3),
(87,	'2015-01-28 19:41:23',	'9655985000',	'LoggedIn',	3),
(88,	'2015-01-28 21:16:30',	'9655985000',	'LoggedOut',	3),
(89,	'2015-01-28 18:30:00',	'9655985000',	'billed 79.263888888889',	3),
(90,	'2015-01-28 21:18:16',	'9655985000',	'LoggedIn',	3),
(91,	'2015-01-29 00:10:55',	'9655985000',	'LoggedOut',	3),
(92,	'2015-01-28 18:30:00',	'9655985000',	'billed 143.875',	3),
(93,	'2015-01-29 09:46:30',	'9655985000',	'LoggedIn',	3),
(94,	'2015-01-29 16:29:17',	'9655985000',	'LoggedOut',	3),
(95,	'2015-01-28 18:30:00',	'9655985000',	'billed 335.65277777778',	3),
(96,	'2015-01-29 16:29:32',	'9655985000',	'LoggedIn',	3),
(97,	'2015-02-10 18:23:52',	'9655985000',	'LoggedIn',	3),
(98,	'2015-02-10 22:46:28',	'9655985000',	'LoggedOut',	3),
(99,	'2015-02-10 18:30:00',	'9655985000',	'billed 218.83333333333',	3),
(100,	'2015-02-10 22:47:14',	'9655985000',	'LoggedIn',	3),
(101,	'2015-02-10 22:48:22',	'9655985000',	'LoggedOut',	3),
(102,	'2015-02-10 18:30:00',	'9655985000',	'billed 0.94444444444444',	3),
(103,	'2015-02-10 22:49:28',	'9655985000',	'LoggedIn',	3),
(104,	'2015-02-10 22:49:37',	'9655985000',	'LoggedOut',	3),
(105,	'2015-02-10 18:30:00',	'9655985000',	'billed 0.125',	3),
(106,	'2015-02-16 00:50:03',	'9655985000',	'LoggedIn',	3),
(107,	'2015-02-16 00:50:10',	'9655985000',	'LoggedIn',	3),
(108,	'2015-02-16 01:38:32',	'9655985000',	'LoggedIn',	3),
(109,	'2015-02-19 22:12:22',	'9655985000',	'LoggedIn',	3),
(110,	'2015-02-19 22:14:12',	'9655985000',	'LoggedIn',	4),
(117,	'2015-02-19 23:43:54',	'9655985000',	'LoggedOut',	4),
(118,	'2015-02-19 18:30:00',	'9655985000',	'billed 74.75',	4),
(119,	'2015-02-19 23:45:04',	'9655985000',	'LoggedIn',	4),
(120,	'2015-02-19 23:45:07',	'9655985000',	'LoggedOut',	4),
(121,	'2015-02-19 18:30:00',	'9655985000',	'billed 0.041666666666667',	4),
(122,	'2015-02-20 08:45:22',	'9655985000',	'LoggedIn',	4),
(123,	'2015-02-20 08:51:10',	'9655985000',	'LoggedOut',	4),
(124,	'2015-02-19 18:30:00',	'9655985000',	'billed 4.8333333333333',	4),
(125,	'2015-02-20 08:51:24',	'8098896389',	'LoggedIn',	4),
(126,	'2015-03-03 12:03:21',	'9655985000',	'LoggedIn',	4),
(127,	'2015-03-03 12:40:20',	'9655985000',	'LoggedIn',	4),
(128,	'2015-03-03 12:40:58',	'9655985000',	'LoggedOut',	4),
(129,	'2015-03-02 18:30:00',	'9655985000',	'billed 0.52777777777778',	4),
(130,	'2015-03-03 12:41:30',	'9655985000',	'LoggedOut',	4),
(131,	'2015-03-02 18:30:00',	'9655985000',	'billed 0.97222222222222',	4),
(132,	'2015-03-03 12:41:39',	'9655985000',	'LoggedIn',	4),
(133,	'2015-03-03 12:53:41',	'7639050900',	'LoggedIn',	4),
(134,	'2015-03-03 12:57:24',	'7639050900',	'LoggedOut',	4),
(135,	'2015-03-03 12:58:13',	'7639050900',	'LoggedIn',	4),
(136,	'2015-03-03 12:59:03',	'9655985000',	'LoggedOut',	4),
(137,	'2015-03-02 18:30:00',	'9655985000',	'billed 14.5',	4),
(138,	'2015-03-03 12:59:15',	'7639050900',	'LoggedOut',	4),
(139,	'2015-03-05 11:38:41',	'9655985000',	'LoggedIn',	3),
(140,	'2015-03-05 11:39:43',	'7639050900',	'LoggedIn',	4),
(141,	'2015-03-05 11:40:55',	'9655985000',	'LoggedIn',	4),
(142,	'2015-03-05 11:43:36',	'9655985000',	'LoggedOut',	4),
(143,	'2015-03-04 18:30:00',	'9655985000',	'billed 2.2361111111111',	4),
(144,	'2015-03-05 11:46:33',	'9655985000',	'LoggedOut',	3),
(145,	'2015-03-04 18:30:00',	'9655985000',	'billed 4.6944444444444',	3),
(146,	'2015-03-05 11:46:38',	'7639050900',	'LoggedOut',	4),
(147,	'2015-03-05 11:47:00',	'9655985000',	'LoggedIn',	3),
(148,	'2015-03-05 11:47:13',	'9655985000',	'LoggedIn',	4),
(149,	'2015-03-05 11:51:19',	'9655985000',	'LoggedIn',	5),
(150,	'2015-03-05 11:51:37',	'9655985000',	'LoggedOut',	5),
(151,	'2015-03-04 18:30:00',	'9655985000',	'billed 0.25',	5),
(152,	'2015-03-05 12:05:10',	'9655985000',	'LoggedOut',	3),
(153,	'2015-03-04 18:30:00',	'9655985000',	'billed 11.541666666667',	3),
(154,	'2015-03-05 12:05:22',	'9655985000',	'LoggedIn',	3),
(155,	'2015-03-05 12:05:37',	'9655985000',	'LoggedOut',	4),
(156,	'2015-03-04 18:30:00',	'9655985000',	'billed 0.20833333333333',	4),
(157,	'2015-03-05 12:05:44',	'9655985000',	'LoggedOut',	3),
(158,	'2015-03-04 18:30:00',	'9655985000',	'billed 0.30555555555556',	3),
(159,	'2015-03-05 12:05:55',	'9655985000',	'LoggedIn',	3),
(160,	'2015-03-05 12:11:57',	'7639050900',	'LoggedIn',	4),
(161,	'2015-03-05 12:22:14',	'7639050900',	'LoggedOut',	4),
(162,	'2015-03-05 12:22:26',	'9655985003',	'LoggedIn',	4),
(163,	'2015-03-05 12:22:31',	'9655985003',	'LoggedOut',	4),
(164,	'2015-03-05 12:22:42',	'9655985004',	'LoggedIn',	4),
(165,	'2015-03-05 12:51:48',	'9655985004',	'LoggedOut',	4),
(166,	'2015-03-05 13:04:40',	'9655985000',	'LoggedOut',	3),
(167,	'2015-03-04 18:30:00',	'9655985000',	'billed 48.958333333333',	3),
(168,	'2015-03-05 13:04:55',	'9655985000',	'LoggedIn',	3),
(169,	'2015-03-05 17:14:54',	'9655985000',	'LoggedIn',	4),
(170,	'2015-03-05 17:16:53',	'9655985000',	'LoggedOut',	4),
(171,	'2015-03-04 18:30:00',	'9655985000',	'billed 1.6527777777778',	4),
(172,	'2015-03-05 17:17:01',	'9655985000',	'LoggedIn',	4),
(173,	'2015-03-05 17:17:15',	'7639050900',	'LoggedIn',	5),
(174,	'2015-03-05 17:17:23',	'7639050900',	'LoggedOut',	5),
(175,	'2015-03-05 17:17:43',	'9655985000',	'LoggedOut',	4),
(176,	'2015-03-04 18:30:00',	'9655985000',	'billed 0.58333333333333',	4),
(177,	'2015-03-05 17:17:57',	'9655985000',	'LoggedIn',	3),
(178,	'2015-03-05 17:18:29',	'9655985000',	'LoggedOut',	3),
(179,	'2015-03-04 18:30:00',	'9655985000',	'billed 0.44444444444444',	3),
(180,	'2015-03-05 17:18:42',	'9655985000',	'LoggedIn',	3),
(181,	'2015-03-05 17:27:33',	'7639050900',	'LoggedIn',	4),
(182,	'2015-03-05 17:28:19',	'7639050900',	'LoggedOut',	4),
(183,	'2015-03-05 17:28:39',	'7639050900',	'LoggedOut',	4),
(184,	'2015-03-05 17:29:45',	'7639050900',	'LoggedOut',	4),
(185,	'2015-03-05 17:30:20',	'7639050900',	'LoggedOut',	4),
(186,	'2015-03-05 17:30:42',	'7639050900',	'LoggedIn',	4),
(187,	'2015-03-05 17:31:14',	'7639050900',	'LoggedOut',	4),
(190,	'2015-03-05 17:37:51',	'9655985000',	'LoggedOut',	3),
(191,	'2015-03-04 18:30:00',	'9655985000',	'billed 15.958333333333',	3),
(195,	'2015-03-05 17:39:50',	'9655985000',	'LoggedIn',	3),
(197,	'2015-03-05 17:41:21',	'7639050900',	'LoggedOut',	4),
(198,	'2015-03-05 17:41:41',	'7639050900',	'LoggedIn',	4),
(200,	'2015-03-05 17:43:03',	'7639050900',	'LoggedOut',	4),
(201,	'2015-03-05 17:43:35',	'9655985000',	'LoggedOut',	3),
(202,	'2015-03-04 18:30:00',	'9655985000',	'billed 3.125',	3),
(203,	'2015-03-05 17:45:26',	'9655985000',	'LoggedOut',	3),
(204,	'2015-03-04 18:30:00',	'9655985000',	'billed 4.6666666666667',	3),
(205,	'2015-03-05 17:56:18',	'9655985000',	'LoggedIn',	3),
(206,	'2015-03-05 17:56:33',	'9655985000',	'LoggedOut',	3),
(207,	'2015-03-04 18:30:00',	'9655985000',	'billed 0.20833333333333',	3),
(208,	'2015-03-05 17:56:41',	'9655985000',	'LoggedOut',	3),
(209,	'2015-03-04 18:30:00',	'9655985000',	'billed 0.31944444444444',	3),
(210,	'2015-03-05 17:57:12',	'9655985000',	'LoggedIn',	3),
(211,	'2015-03-05 17:57:31',	'7639050900',	'LoggedIn',	4),
(212,	'2015-03-05 17:58:11',	'7639050900',	'LoggedOut',	4),
(213,	'2015-03-05 17:58:40',	'7639050900',	'LoggedOut',	4),
(214,	'2015-03-05 17:59:37',	'7639050900',	'LoggedIn',	4),
(215,	'2015-03-05 18:00:01',	'7639050900',	'LoggedOut',	4),
(216,	'2015-03-04 18:30:00',	'7639050900',	'billed 0.33333333333333',	4),
(217,	'2015-03-05 18:02:03',	'7639050900',	'LoggedOut',	4),
(218,	'2015-03-04 18:30:00',	'7639050900',	'billed 2.0277777777778',	4),
(219,	'2015-03-05 18:02:57',	'7639050900',	'LoggedIn',	4),
(220,	'2015-03-05 18:03:48',	'7639050900',	'LoggedOut',	4),
(221,	'2015-03-04 18:30:00',	'7639050900',	'billed 0.70833333333333',	4),
(222,	'2015-03-05 18:04:01',	'7639050900',	'LoggedOut',	4),
(223,	'2015-03-04 18:30:00',	'7639050900',	'billed 0.88888888888889',	4),
(224,	'2015-03-06 05:29:59',	'9655985000',	'LoggedOut',	3),
(225,	'2015-03-05 18:30:00',	'9655985000',	'billed 577.31944444444',	3),
(226,	'2015-03-06 05:30:06',	'9655985000',	'LoggedIn',	3),
(227,	'2015-03-06 07:36:22',	'9655985000',	'LoggedOut',	3),
(228,	'2015-03-05 18:30:00',	'9655985000',	'billed 105.22222222222',	3),
(229,	'2015-03-06 07:36:38',	'9655985000',	'LoggedOut',	3),
(230,	'2015-03-05 18:30:00',	'9655985000',	'billed 105.44444444444',	3),
(231,	'2015-03-06 07:36:45',	'9655985000',	'LoggedIn',	3),
(232,	'2015-03-06 07:38:15',	'7639050900',	'LoggedIn',	4),
(233,	'2015-03-06 07:39:47',	'7639050900',	'LoggedOut',	4),
(234,	'2015-03-05 18:30:00',	'7639050900',	'billed 1.2777777777778',	4),
(235,	'2015-03-06 09:43:38',	'9655985000',	'LoggedOut',	3),
(236,	'2015-03-05 18:30:00',	'9655985000',	'billed 105.73611111111',	3),
(237,	'2015-03-06 09:43:46',	'9655985003',	'LoggedIn',	3),
(238,	'2015-03-06 09:45:03',	'9655985000',	'LoggedIn',	4),
(239,	'2015-03-06 09:45:08',	'9655985003',	'LoggedOut',	3),
(240,	'2015-03-06 13:59:19',	'9655985000',	'LoggedOut',	3),
(241,	'2015-03-05 18:30:00',	'9655985000',	'billed 211.88888888889',	3),
(242,	'2015-03-06 13:59:21',	'9655985000',	'LoggedOut',	3),
(243,	'2015-03-05 18:30:00',	'9655985000',	'billed 211.91666666667',	3),
(244,	'2015-03-06 13:59:22',	'9655985000',	'LoggedOut',	3),
(245,	'2015-03-05 18:30:00',	'9655985000',	'billed 211.93055555556',	3),
(246,	'2015-03-06 13:59:23',	'9655985000',	'LoggedOut',	3),
(247,	'2015-03-05 18:30:00',	'9655985000',	'billed 211.94444444444',	3),
(248,	'2015-03-06 13:59:24',	'9655985000',	'LoggedOut',	3),
(249,	'2015-03-05 18:30:00',	'9655985000',	'billed 211.95833333333',	3),
(252,	'2015-03-06 14:05:38',	'9655985000',	'LoggedOut',	4),
(253,	'2015-03-05 18:30:00',	'9655985000',	'billed 217.15277777778',	4),
(254,	'2015-03-06 14:05:47',	'9655985000',	'LoggedIn',	3),
(255,	'2015-03-06 14:06:31',	'7639050900',	'LoggedIn',	4),
(256,	'2015-03-06 14:08:01',	'7639050900',	'LoggedOut',	4),
(257,	'2015-03-05 18:30:00',	'7639050900',	'billed 1.25',	4),
(258,	'2015-03-06 14:24:39',	'9655985000',	'LoggedOut',	3),
(259,	'2015-03-05 18:30:00',	'9655985000',	'billed 15.722222222222',	3),
(261,	'2015-03-06 18:30:00',	'9655985000',	'recharge :9000000000 amount : 100',	5),
(262,	'2015-03-07 05:28:05',	'9655985000',	'LoggedIn',	3),
(265,	'2015-03-06 18:30:00',	'9655985000',	'recharge : 899',	0),
(266,	'2015-03-06 18:30:00',	'9655985000',	'recharge : 900',	0),
(267,	'2015-03-06 18:30:00',	'9655985000',	'recharge : 1000',	0),
(268,	'2015-03-06 18:30:00',	'9655985000',	'recharge : 100',	3),
(269,	'2015-03-06 18:30:00',	'9655985000',	'3000 9655985000',	3),
(270,	'2015-03-07 10:12:43',	'7639050900',	'LoggedOut',	4),
(271,	'2015-03-06 18:30:00',	'7639050900',	'billed 1005.1666666667',	4),
(272,	'2015-03-07 10:13:22',	'9655985000',	'LoggedOut',	3),
(273,	'2015-03-06 18:30:00',	'9655985000',	'billed 237.73611111111',	3),
(274,	'2015-03-07 10:13:31',	'9655985000',	'LoggedIn',	3),
(275,	'2015-03-06 18:30:00',	'9655985000',	'500 7639050900',	3),
(276,	'2015-03-06 18:30:00',	'9655985000',	'-500 9655985000',	3),
(277,	'2015-03-07 16:50:46',	'7639050900',	'LoggedIn',	4),
(278,	'2015-03-07 16:51:06',	'7639050900',	'LoggedOut',	4),
(279,	'2015-03-06 18:30:00',	'7639050900',	'billed 0.27777777777778',	4),
(280,	'2015-03-06 18:30:00',	'9655985000',	'created user with 9876545676 level 1',	3),
(283,	'2015-03-06 18:30:00',	'9655985000',	'delete product Pepsi',	3),
(284,	'2015-03-06 18:30:00',	'9655985000',	'delete product ',	3),
(285,	'2015-03-06 18:30:00',	'9655985000',	'created product with Pepsi price 25',	3),
(286,	'2015-03-06 18:30:00',	'9655985000',	'delete product Pepsi',	3),
(287,	'2015-03-06 18:30:00',	'9655985000',	'created product with Color printout price 10',	3),
(288,	'2015-03-06 18:30:00',	'9655985000',	'delete product Color printout',	3);

DROP TABLE IF EXISTS `loggedon`;
CREATE TABLE `loggedon` (
  `user` varchar(30) NOT NULL,
  `system` int(11) NOT NULL,
  `time` timestamp NOT NULL DEFAULT CURRENT_TIMESTAMP,
  KEY `user` (`user`),
  KEY `system` (`system`),
  CONSTRAINT `loggedon_ibfk_5` FOREIGN KEY (`user`) REFERENCES `users` (`contact`),
  CONSTRAINT `loggedon_ibfk_6` FOREIGN KEY (`system`) REFERENCES `systems` (`number`) ON UPDATE CASCADE
) ENGINE=InnoDB DEFAULT CHARSET=latin1;

TRUNCATE `loggedon`;
INSERT INTO `loggedon` (`user`, `system`, `time`) VALUES
('9655985000',	3,	'2015-03-07 10:13:31');

DROP TABLE IF EXISTS `pricingmodels`;
CREATE TABLE `pricingmodels` (
  `code` varchar(6) NOT NULL,
  `amount` int(11) NOT NULL,
  `cycle` varchar(10) NOT NULL,
  `timevalue` int(11) NOT NULL,
  PRIMARY KEY (`code`)
) ENGINE=InnoDB DEFAULT CHARSET=latin1;

TRUNCATE `pricingmodels`;
INSERT INTO `pricingmodels` (`code`, `amount`, `cycle`, `timevalue`) VALUES
('50H1',	50,	'hour',	1);

DROP TABLE IF EXISTS `pricingplan`;
CREATE TABLE `pricingplan` (
  `plan` varchar(6) NOT NULL,
  `user` varchar(30) NOT NULL,
  KEY `user` (`user`),
  KEY `plan` (`plan`),
  CONSTRAINT `pricingplan_ibfk_3` FOREIGN KEY (`user`) REFERENCES `users` (`contact`) ON DELETE CASCADE ON UPDATE CASCADE,
  CONSTRAINT `pricingplan_ibfk_4` FOREIGN KEY (`plan`) REFERENCES `pricingmodels` (`code`) ON UPDATE CASCADE
) ENGINE=InnoDB DEFAULT CHARSET=latin1;

TRUNCATE `pricingplan`;
INSERT INTO `pricingplan` (`plan`, `user`) VALUES
('50H1',	'9655985000'),
('50H1',	'7639050900');

DROP TABLE IF EXISTS `products`;
CREATE TABLE `products` (
  `name` varchar(30) NOT NULL,
  `price` float(5,2) NOT NULL,
  PRIMARY KEY (`name`)
) ENGINE=InnoDB DEFAULT CHARSET=latin1;

TRUNCATE `products`;

DROP TABLE IF EXISTS `systems`;
CREATE TABLE `systems` (
  `loggedIn` tinyint(4) NOT NULL DEFAULT '0',
  `number` int(11) NOT NULL AUTO_INCREMENT,
  `group` varchar(10) NOT NULL,
  `sysNo` int(11) NOT NULL,
  PRIMARY KEY (`number`)
) ENGINE=InnoDB DEFAULT CHARSET=latin1;

TRUNCATE `systems`;
INSERT INTO `systems` (`loggedIn`, `number`, `group`, `sysNo`) VALUES
(0,	1,	'XBOX',	1),
(0,	2,	'XBOX',	2),
(1,	3,	'PC',	1),
(0,	4,	'PC',	2),
(0,	5,	'PC',	3);

DROP TABLE IF EXISTS `users`;
CREATE TABLE `users` (
  `contact` varchar(10) NOT NULL,
  `uname` varchar(20) NOT NULL,
  `password` varchar(50) NOT NULL,
  `level` int(11) NOT NULL,
  `joindate` varchar(10) NOT NULL,
  PRIMARY KEY (`contact`)
) ENGINE=InnoDB DEFAULT CHARSET=latin1;

TRUNCATE `users`;
INSERT INTO `users` (`contact`, `uname`, `password`, `level`, `joindate`) VALUES
('7639050900',	'sarthak',	'5f4dcc3b5aa765d61d8327deb882cf99',	2,	'2015-01-27'),
('7876565456',	'lama',	'5f4dcc3b5aa765d61d8327deb882cf99',	3,	'2015-01-26'),
('7876765456',	'lama',	'5f4dcc3b5aa765d61d8327deb882cf99',	3,	'curdate()'),
('8098896389',	'Parth',	'5f4dcc3b5aa765d61d8327deb882cf99',	2,	'2015-02-20'),
('8876676567',	'neo',	'cc3460fbdf75c9693566146e53f5c922',	3,	'2015-01-19'),
('8975647865',	'aasfwefwef',	'a10fc0bea0cf8d8533c88fb3313dda76',	2,	'2015-01-27'),
('8987890945',	'prateek',	'5f4dcc3b5aa765d61d8327deb882cf99',	3,	''),
('9655985000',	'prateek',	'5f4dcc3b5aa765d61d8327deb882cf99',	2,	'2015-01-16'),
('9655985001',	'Prateek',	'5f4dcc3b5aa765d61d8327deb882cf99',	1,	'2015-01-27'),
('9655985002',	'Prateek',	'5f4dcc3b5aa765d61d8327deb882cf99',	1,	'2015-01-27'),
('9655985003',	'ergerg',	'5f4dcc3b5aa765d61d8327deb882cf99',	1,	'2015-03-05'),
('9655985004',	'qwdqw',	'5f4dcc3b5aa765d61d8327deb882cf99',	2,	'2015-03-05'),
('9876543212',	'yguyfufufy',	'445f869f44dde347c1052d055dc69669',	2,	'2015-01-27'),
('9876545676',	'ioqewhfuh',	'5f4dcc3b5aa765d61d8327deb882cf99',	1,	'2015-03-07');

-- 2015-03-07 18:38:53
